"","Var","chisq","df","p"
"1","Soil N",49.1475120999119,1,2.37419299445129e-12
"2","Soil P",8.28730783994352,1,0.00399231327227568
"3","Soil K+µ",0.746650620946943,1,0.387538740291874
"4","Soil N x Soil P",5.08647995990826,1,0.024113088042622
"5","Soil N x Soil K",1.75820461161756,1,0.184848614025852
"6","Soil P x Soil K",0.446149200792436,1,0.504169332989947
"7","Soil N x Soil P x Soil K",0.27930357445634,1,0.597158042342862
