"","Var","chisq","df","p"
"1","delta AGB",0.92055411332989,1,0.337329522257498
"2","Soil P",10.0062437312898,1,0.00156010395986022
"3","Soil K",0.0625257213790302,1,0.802547570433373
"4","delta LMA",117.559559442027,1,2.16500202178982e-27
"5","Soil P x Soil K",0.503683710301283,1,0.477885988291382
"6","delta AGB x delta LMA",2.15475369859108,1,0.14212923314178
