"","Var","chisq","df","p"
"1","Soil N",41.2722708721518,1,1.32434315779373e-10
"2","Soil P",38.1438740010652,1,6.57157359036822e-10
"3","Soil K+µ",0.735245817556672,1,0.39118808149022
"4","Soil N x Soil P",0.02619714216999,1,0.871419794202838
"5","Soil N x Soil K",2.49283426720671,1,0.114365603044078
"6","Soil P x Soil K",0.0736073469125903,1,0.786155123407378
"7","Soil N x Soil P x Soil K",0.00186280628207709,1,0.965573799740298
