"","Var","chisq","df","p"
"1","Soil N",49.6573355379541,1,1.83084268377264e-12
"2","Soil P",37.954648005818,1,7.24083614285944e-10
"3","Soil K+µ",2.73851019095203,1,0.0979560525181381
"4","Soil N x Soil P",0.0104580871918871,1,0.918546502572898
"5","Soil N x Soil K",5.53210565331339,1,0.0186706230745987
"6","Soil P x Soil K",0.378352166659641,1,0.538486450820414
"7","Soil N x Soil P x Soil K",0.0874481066852173,1,0.767446778257229
